"Source:","D:\HOME\elektronika\Open65\pcb\mobo-rev01\open65.kicad_sch"
"Date:","30/03/2023 13:13:50"
"Tool:","Eeschema (6.0.7)"
"Generator:","C:\Program Files\KiCad\6.0\bin\scripting\plugins/bom_csv_grouped_by_value.py"
"Component Count:","173"

"Individual Components:"

"Item","Qty","Reference(s)","Value","LibPart","Footprint","Datasheet"
"","","BT401","BAT-HLD-012-SMT","Device:Battery_Cell","Battery:BatteryHolder_LINX_BAT-HLD-012-SMT","~"
"","","C201","1u","Device:C","Capacitor_SMD:C_0603_1608Metric_Pad1.08x0.95mm_HandSolder","~"
"","","C202","1u","Device:C","Capacitor_SMD:C_0603_1608Metric_Pad1.08x0.95mm_HandSolder","~"
"","","C203","1u","Device:C","Capacitor_SMD:C_0603_1608Metric_Pad1.08x0.95mm_HandSolder","~"
"","","C204","1u","Device:C","Capacitor_SMD:C_0603_1608Metric_Pad1.08x0.95mm_HandSolder","~"
"","","C301","1u","Device:C","Capacitor_SMD:C_0603_1608Metric_Pad1.08x0.95mm_HandSolder","~"
"","","C302","1u","Device:C","Capacitor_SMD:C_0603_1608Metric_Pad1.08x0.95mm_HandSolder","~"
"","","C303","1u","Device:C","Capacitor_SMD:C_0603_1608Metric_Pad1.08x0.95mm_HandSolder","~"
"","","C304","1u","Device:C","Capacitor_SMD:C_0603_1608Metric_Pad1.08x0.95mm_HandSolder","~"
"","","C305","1u","Device:C","Capacitor_SMD:C_0603_1608Metric_Pad1.08x0.95mm_HandSolder","~"
"","","C306","1u","Device:C","Capacitor_SMD:C_0603_1608Metric_Pad1.08x0.95mm_HandSolder","~"
"","","C307","1u","Device:C","Capacitor_SMD:C_0603_1608Metric_Pad1.08x0.95mm_HandSolder","~"
"","","C308","1u","Device:C","Capacitor_SMD:C_0603_1608Metric_Pad1.08x0.95mm_HandSolder","~"
"","","C309","1u","Device:C","Capacitor_SMD:C_0603_1608Metric_Pad1.08x0.95mm_HandSolder","~"
"","","C310","1u","Device:C","Capacitor_SMD:C_0603_1608Metric_Pad1.08x0.95mm_HandSolder","~"
"","","C311","1u","Device:C","Capacitor_SMD:C_0603_1608Metric_Pad1.08x0.95mm_HandSolder","~"
"","","C312","1u","Device:C","Capacitor_SMD:C_0603_1608Metric_Pad1.08x0.95mm_HandSolder","~"
"","","C314","1u","Device:C","Capacitor_SMD:C_0603_1608Metric_Pad1.08x0.95mm_HandSolder","~"
"","","C315","1u","Device:C","Capacitor_SMD:C_0603_1608Metric_Pad1.08x0.95mm_HandSolder","~"
"","","C316","1u","Device:C","Capacitor_SMD:C_0603_1608Metric_Pad1.08x0.95mm_HandSolder","~"
"","","C317","100n","Device:C","Capacitor_SMD:C_0603_1608Metric_Pad1.08x0.95mm_HandSolder","~"
"","","C401","1u","Device:C","Capacitor_SMD:C_0603_1608Metric_Pad1.08x0.95mm_HandSolder","~"
"","","C402","6p","Device:C","Capacitor_SMD:C_0603_1608Metric_Pad1.08x0.95mm_HandSolder","~"
"","","C403","6p","Device:C","Capacitor_SMD:C_0603_1608Metric_Pad1.08x0.95mm_HandSolder","~"
"","","C404","1u","Device:C","Capacitor_SMD:C_0603_1608Metric_Pad1.08x0.95mm_HandSolder","~"
"","","C405","1u","Device:C","Capacitor_SMD:C_0603_1608Metric_Pad1.08x0.95mm_HandSolder","~"
"","","C406","1u","Device:C","Capacitor_SMD:C_0603_1608Metric_Pad1.08x0.95mm_HandSolder","~"
"","","C501","100n","Device:C","Capacitor_SMD:C_0603_1608Metric_Pad1.08x0.95mm_HandSolder","~"
"","","C502","3u3","Device:C","Capacitor_SMD:C_0603_1608Metric_Pad1.08x0.95mm_HandSolder","~"
"","","C503","3u3","Device:C","Capacitor_SMD:C_0603_1608Metric_Pad1.08x0.95mm_HandSolder","~"
"","","C504","3u3","Device:C","Capacitor_SMD:C_0603_1608Metric_Pad1.08x0.95mm_HandSolder","~"
"","","C507","1u","Device:C","Capacitor_SMD:C_0603_1608Metric_Pad1.08x0.95mm_HandSolder","~"
"","","C508","1u","Device:C","Capacitor_SMD:C_0603_1608Metric_Pad1.08x0.95mm_HandSolder","~"
"","","C509","1u","Device:C","Capacitor_SMD:C_0603_1608Metric_Pad1.08x0.95mm_HandSolder","~"
"","","C510","1u","Device:C","Capacitor_SMD:C_0603_1608Metric_Pad1.08x0.95mm_HandSolder","~"
"","","C601","1u","Device:C","Capacitor_SMD:C_0603_1608Metric_Pad1.08x0.95mm_HandSolder","~"
"","","C602","1u","Device:C","Capacitor_SMD:C_0603_1608Metric_Pad1.08x0.95mm_HandSolder","~"
"","","C701","22u/16V","Device:C","Capacitor_SMD:C_0805_2012Metric_Pad1.18x1.45mm_HandSolder","~"
"","","C702","22u/16V","Device:C","Capacitor_SMD:C_0805_2012Metric_Pad1.18x1.45mm_HandSolder","~"
"","","C703","22u/16V","Device:C","Capacitor_SMD:C_0805_2012Metric_Pad1.18x1.45mm_HandSolder","~"
"","","D301","CUS10S30,H3F","Device:D_Schottky","Diode_SMD:D_SOD-323_HandSoldering","~"
"","","D302","LTST-S270GKT","Device:LED","LED_SMD:LED_0603_1608Metric_Pad1.05x0.95mm_HandSolder","~"
"","","D303","SP0503BAHT","Power_Protection:SP0503BAHT","Package_TO_SOT_SMD:SOT-143","http://www.littelfuse.com/~/media/files/littelfuse/technical%20resources/documents/data%20sheets/sp05xxba.pdf"
"","","D401","CUS10S30,H3F","Device:D_Schottky","Diode_SMD:D_SOD-323_HandSoldering","~"
"","","D402","LTST-S270GKT","Device:LED","LED_SMD:LED_0603_1608Metric_Pad1.05x0.95mm_HandSolder","~"
"","","D403","LTST-S270EKT","Device:LED","LED_SMD:LED_0603_1608Metric_Pad1.05x0.95mm_HandSolder","~"
"","","D404","SP0503BAHT","Power_Protection:SP0503BAHT","Package_TO_SOT_SMD:SOT-143","http://www.littelfuse.com/~/media/files/littelfuse/technical%20resources/documents/data%20sheets/sp05xxba.pdf"
"","","D405","SP0503BAHT","Power_Protection:SP0503BAHT","Package_TO_SOT_SMD:SOT-143","http://www.littelfuse.com/~/media/files/littelfuse/technical%20resources/documents/data%20sheets/sp05xxba.pdf"
"","","D501","CUS10S30,H3F","Device:D_Schottky","Diode_SMD:D_SOD-323_HandSoldering","~"
"","","D502","LTST-S270GKT","Device:LED","LED_SMD:LED_0603_1608Metric_Pad1.05x0.95mm_HandSolder","~"
"","","D504","SP0503BAHT","Power_Protection:SP0503BAHT","Package_TO_SOT_SMD:SOT-143","http://www.littelfuse.com/~/media/files/littelfuse/technical%20resources/documents/data%20sheets/sp05xxba.pdf"
"","","D601","SP0503BAHT","Power_Protection:SP0503BAHT","Package_TO_SOT_SMD:SOT-143","http://www.littelfuse.com/~/media/files/littelfuse/technical%20resources/documents/data%20sheets/sp05xxba.pdf"
"","","D602","SP0503BAHT","Power_Protection:SP0503BAHT","Package_TO_SOT_SMD:SOT-143","http://www.littelfuse.com/~/media/files/littelfuse/technical%20resources/documents/data%20sheets/sp05xxba.pdf"
"","","D701","LTST-S270GKT","Device:LED","LED_SMD:LED_0603_1608Metric_Pad1.05x0.95mm_HandSolder","~"
"","","F401","SMD1206B050TF/15","Device:Polyfuse","Fuse:Fuse_1206_3216Metric_Pad1.42x1.75mm_HandSolder","~"
"","","F501","SMD1206B050TF/15","Device:Polyfuse","Fuse:Fuse_1206_3216Metric_Pad1.42x1.75mm_HandSolder","~"
"","","F601","SMD1206B050TF/15","Device:Polyfuse","Fuse:Fuse_1206_3216Metric_Pad1.42x1.75mm_HandSolder","~"
"","","FB301","GBK160808T-221Y-N","Device:FerriteBead_Small","Resistor_SMD:R_0603_1608Metric_Pad0.98x0.95mm_HandSolder","~"
"","","FB302","GBK160808T-221Y-N","Device:FerriteBead_Small","Resistor_SMD:R_0603_1608Metric_Pad0.98x0.95mm_HandSolder","~"
"","","FB501","GBK160808T-221Y-N","Device:FerriteBead_Small","Resistor_SMD:R_0603_1608Metric_Pad0.98x0.95mm_HandSolder","~"
"","","FB502","GBK160808T-221Y-N","Device:FerriteBead_Small","Resistor_SMD:R_0603_1608Metric_Pad0.98x0.95mm_HandSolder","~"
"","","J403","SNES_Controller_Conn",":SNES_Controller_Conn_1","snes:SNES_Controller_Conn_7p_90deg_P1Left",""
"","","J404","SNES_Controller_Conn","libsnes:SNES_Controller_Conn","snes:SNES_Controller_Conn_7p_90deg_P1Left",""
"","","J501","USB4085-GF-A","Connector:USB_C_Receptacle_USB2.0","Connector_USB:USB_C_Receptacle_GCT_USB4085","https://www.usb.org/sites/default/files/documents/usb_type-c.zip"
"","","J601","PINS 2x10p 2,54mm","Connector_Generic:Conn_02x10_Odd_Even","Connector_PinHeader_2.54mm:PinHeader_2x10_P2.54mm_Vertical","~"
"","","J602","PINS 2x10p 2,54mm","Connector_Generic:Conn_02x10_Odd_Even","Connector_PinHeader_2.54mm:PinHeader_2x10_P2.54mm_Vertical","~"
"","","J603","Conn_01x14","Connector_Generic:Conn_01x14","Connector_PinSocket_2.54mm:PinSocket_1x14_P2.54mm_Vertical","~"
"","","J604","Conn_01x04","Connector_Generic:Conn_01x04","Connector_PinSocket_2.54mm:PinSocket_1x04_P2.54mm_Vertical_SMD_Pin1Left","~"
"","","J605","TE 5749180-1","Connector:Mini-DIN-6","mini-DIN:TE_5749180-1","http://service.powerdynamics.com/ec/Catalog17/Section%2011.pdf"
"","","J606","TE 5749180-1","Connector:Mini-DIN-6","mini-DIN:TE_5749180-1","http://service.powerdynamics.com/ec/Catalog17/Section%2011.pdf"
"","","J702","Conn_01x01","Connector_Generic:Conn_01x01","Connector_PinHeader_2.54mm:PinHeader_1x01_P2.54mm_Vertical","~"
"","","J703","Conn_01x01","Connector_Generic:Conn_01x01","Connector_PinHeader_2.54mm:PinHeader_1x01_P2.54mm_Vertical","~"
"","","L701","DFE252010P-2R2M=P2","Device:L","Inductor_SMD:L_1008_2520Metric_Pad1.43x2.20mm_HandSolder","~"
"","","L702","DFE252010P-1R0M=P2","Device:L","Inductor_SMD:L_1008_2520Metric_Pad1.43x2.20mm_HandSolder","~"
"","","Q301","BSS123","Transistor_FET:BSS123","Package_TO_SOT_SMD:SOT-23","http://www.diodes.com/assets/Datasheets/ds30366.pdf"
"","","Q401","BSS123","Transistor_FET:BSS123","Package_TO_SOT_SMD:SOT-23","http://www.diodes.com/assets/Datasheets/ds30366.pdf"
"","","Q402","BSS123","Transistor_FET:BSS123","Package_TO_SOT_SMD:SOT-23","http://www.diodes.com/assets/Datasheets/ds30366.pdf"
"","","Q601","BSS123","Transistor_FET:BSS123","Package_TO_SOT_SMD:SOT-23","http://www.diodes.com/assets/Datasheets/ds30366.pdf"
"","","Q602","BSS123","Transistor_FET:BSS123","Package_TO_SOT_SMD:SOT-23","http://www.diodes.com/assets/Datasheets/ds30366.pdf"
"","","Q603","BSS123","Transistor_FET:BSS123","Package_TO_SOT_SMD:SOT-23","http://www.diodes.com/assets/Datasheets/ds30366.pdf"
"","","Q604","BSS123","Transistor_FET:BSS123","Package_TO_SOT_SMD:SOT-23","http://www.diodes.com/assets/Datasheets/ds30366.pdf"
"","","R201","10k","Device:R","Resistor_SMD:R_0603_1608Metric_Pad0.98x0.95mm_HandSolder","~"
"","","R202","10k","Device:R","Resistor_SMD:R_0603_1608Metric_Pad0.98x0.95mm_HandSolder","~"
"","","R203","10k","Device:R","Resistor_SMD:R_0603_1608Metric_Pad0.98x0.95mm_HandSolder","~"
"","","R204","10k","Device:R","Resistor_SMD:R_0603_1608Metric_Pad0.98x0.95mm_HandSolder","~"
"","","R205","10k","Device:R","Resistor_SMD:R_0603_1608Metric_Pad0.98x0.95mm_HandSolder","~"
"","","R206","10k","Device:R","Resistor_SMD:R_0603_1608Metric_Pad0.98x0.95mm_HandSolder","~"
"","","R207","10k","Device:R","Resistor_SMD:R_0603_1608Metric_Pad0.98x0.95mm_HandSolder","~"
"","","R209","50R","Device:R","Resistor_SMD:R_0603_1608Metric_Pad0.98x0.95mm_HandSolder","~"
"","","R211","50R","Device:R","Resistor_SMD:R_0603_1608Metric_Pad0.98x0.95mm_HandSolder","~"
"","","R212","50R","Device:R","Resistor_SMD:R_0603_1608Metric_Pad0.98x0.95mm_HandSolder","~"
"","","R214","10k","Device:R","Resistor_SMD:R_0603_1608Metric_Pad0.98x0.95mm_HandSolder","~"
"","","R215","10k","Device:R","Resistor_SMD:R_0603_1608Metric_Pad0.98x0.95mm_HandSolder","~"
"","","R301","10k","Device:R","Resistor_SMD:R_0603_1608Metric_Pad0.98x0.95mm_HandSolder","~"
"","","R302","10k","Device:R","Resistor_SMD:R_0603_1608Metric_Pad0.98x0.95mm_HandSolder","~"
"","","R303","10k","Device:R","Resistor_SMD:R_0603_1608Metric_Pad0.98x0.95mm_HandSolder","~"
"","","R304","10k","Device:R","Resistor_SMD:R_0603_1608Metric_Pad0.98x0.95mm_HandSolder","~"
"","","R305","10k","Device:R","Resistor_SMD:R_0603_1608Metric_Pad0.98x0.95mm_HandSolder","~"
"","","R306","10k","Device:R","Resistor_SMD:R_0603_1608Metric_Pad0.98x0.95mm_HandSolder","~"
"","","R307","470R","Device:R","Resistor_SMD:R_0603_1608Metric_Pad0.98x0.95mm_HandSolder","~"
"","","R308","0R","Device:R","Resistor_SMD:R_0603_1608Metric_Pad0.98x0.95mm_HandSolder","~"
"","","R309","0R","Device:R","Resistor_SMD:R_0603_1608Metric_Pad0.98x0.95mm_HandSolder","~"
"","","R310","10k","Device:R","Resistor_SMD:R_0603_1608Metric_Pad0.98x0.95mm_HandSolder","~"
"","","R311","2k2","Device:R","Resistor_SMD:R_0603_1608Metric_Pad0.98x0.95mm_HandSolder","~"
"","","R401","0R","Device:R","Resistor_SMD:R_0603_1608Metric_Pad0.98x0.95mm_HandSolder","~"
"","","R402","0R","Device:R","Resistor_SMD:R_0603_1608Metric_Pad0.98x0.95mm_HandSolder","~"
"","","R403","10k","Device:R","Resistor_SMD:R_0603_1608Metric_Pad0.98x0.95mm_HandSolder","~"
"","","R404","10k","Device:R","Resistor_SMD:R_0603_1608Metric_Pad0.98x0.95mm_HandSolder","~"
"","","R405","100R","Device:R","Resistor_SMD:R_0603_1608Metric_Pad0.98x0.95mm_HandSolder","~"
"","","R406","100R","Device:R","Resistor_SMD:R_0603_1608Metric_Pad0.98x0.95mm_HandSolder","~"
"","","R407","100R","Device:R","Resistor_SMD:R_0603_1608Metric_Pad0.98x0.95mm_HandSolder","~"
"","","R408","100R","Device:R","Resistor_SMD:R_0603_1608Metric_Pad0.98x0.95mm_HandSolder","~"
"","","R409","100R","Device:R","Resistor_SMD:R_0603_1608Metric_Pad0.98x0.95mm_HandSolder","~"
"","","R410","100R","Device:R","Resistor_SMD:R_0603_1608Metric_Pad0.98x0.95mm_HandSolder","~"
"","","R411","10k","Device:R","Resistor_SMD:R_0603_1608Metric_Pad0.98x0.95mm_HandSolder","~"
"","","R412","10k","Device:R","Resistor_SMD:R_0603_1608Metric_Pad0.98x0.95mm_HandSolder","~"
"","","R413","10k","Device:R","Resistor_SMD:R_0603_1608Metric_Pad0.98x0.95mm_HandSolder","~"
"","","R414","10k","Device:R","Resistor_SMD:R_0603_1608Metric_Pad0.98x0.95mm_HandSolder","~"
"","","R415","470R","Device:R","Resistor_SMD:R_0603_1608Metric_Pad0.98x0.95mm_HandSolder","~"
"","","R416","470R","Device:R","Resistor_SMD:R_0603_1608Metric_Pad0.98x0.95mm_HandSolder","~"
"","","R501","5k1","Device:R","Resistor_SMD:R_0603_1608Metric_Pad0.98x0.95mm_HandSolder","~"
"","","R502","5k1","Device:R","Resistor_SMD:R_0603_1608Metric_Pad0.98x0.95mm_HandSolder","~"
"","","R503","806k","Device:R","Resistor_SMD:R_0603_1608Metric_Pad0.98x0.95mm_HandSolder","~"
"","","R504","12k","Device:R","Resistor_SMD:R_0603_1608Metric_Pad0.98x0.95mm_HandSolder","~"
"","","R505","1k","Device:R","Resistor_SMD:R_0603_1608Metric_Pad0.98x0.95mm_HandSolder","~"
"","","R506","10k","Device:R","Resistor_SMD:R_0603_1608Metric_Pad0.98x0.95mm_HandSolder","~"
"","","R507","2k2","Device:R","Resistor_SMD:R_0603_1608Metric_Pad0.98x0.95mm_HandSolder","~"
"","","R508","10k","Device:R","Resistor_SMD:R_0603_1608Metric_Pad0.98x0.95mm_HandSolder","~"
"","","R509","10k","Device:R","Resistor_SMD:R_0603_1608Metric_Pad0.98x0.95mm_HandSolder","~"
"","","R510","0R","Device:R","Resistor_SMD:R_0603_1608Metric_Pad0.98x0.95mm_HandSolder","~"
"","","R511","0R","Device:R","Resistor_SMD:R_0603_1608Metric_Pad0.98x0.95mm_HandSolder","~"
"","","R512","0R","Device:R","Resistor_SMD:R_0603_1608Metric_Pad0.98x0.95mm_HandSolder","~"
"","","R513","0R","Device:R","Resistor_SMD:R_0603_1608Metric_Pad0.98x0.95mm_HandSolder","~"
"","","R514","0R","Device:R","Resistor_SMD:R_0603_1608Metric_Pad0.98x0.95mm_HandSolder","~"
"","","R515","0R","Device:R","Resistor_SMD:R_0603_1608Metric_Pad0.98x0.95mm_HandSolder","~"
"","","R516","0R","Device:R","Resistor_SMD:R_0603_1608Metric_Pad0.98x0.95mm_HandSolder","~"
"","","R517","10k","Device:R","Resistor_SMD:R_0603_1608Metric_Pad0.98x0.95mm_HandSolder","~"
"","","R518","0R","Device:R","Resistor_SMD:R_0603_1608Metric_Pad0.98x0.95mm_HandSolder","~"
"","","R519","0R","Device:R","Resistor_SMD:R_0603_1608Metric_Pad0.98x0.95mm_HandSolder","~"
"","","R520","470R","Device:R","Resistor_SMD:R_0603_1608Metric_Pad0.98x0.95mm_HandSolder","~"
"","","R521","1k","Device:R","Resistor_SMD:R_0603_1608Metric_Pad0.98x0.95mm_HandSolder","~"
"","","R601","100R","Device:R","Resistor_SMD:R_0603_1608Metric_Pad0.98x0.95mm_HandSolder","~"
"","","R602","100R","Device:R","Resistor_SMD:R_0603_1608Metric_Pad0.98x0.95mm_HandSolder","~"
"","","R603","100R","Device:R","Resistor_SMD:R_0603_1608Metric_Pad0.98x0.95mm_HandSolder","~"
"","","R604","100R","Device:R","Resistor_SMD:R_0603_1608Metric_Pad0.98x0.95mm_HandSolder","~"
"","","R605","10k","Device:R","Resistor_SMD:R_0603_1608Metric_Pad0.98x0.95mm_HandSolder","~"
"","","R606","10k","Device:R","Resistor_SMD:R_0603_1608Metric_Pad0.98x0.95mm_HandSolder","~"
"","","R607","10k","Device:R","Resistor_SMD:R_0603_1608Metric_Pad0.98x0.95mm_HandSolder","~"
"","","R608","10k","Device:R","Resistor_SMD:R_0603_1608Metric_Pad0.98x0.95mm_HandSolder","~"
"","","R701","806k","Device:R","Resistor_SMD:R_0603_1608Metric_Pad0.98x0.95mm_HandSolder","~"
"","","R702","182k","Device:R","Resistor_SMD:R_0603_1608Metric_Pad0.98x0.95mm_HandSolder","~"
"","","R703","10R","Device:R","Resistor_SMD:R_0603_1608Metric_Pad0.98x0.95mm_HandSolder","~"
"","","R704","806k","Device:R","Resistor_SMD:R_0603_1608Metric_Pad0.98x0.95mm_HandSolder","~"
"","","R705","825k","Device:R","Resistor_SMD:R_0603_1608Metric_Pad0.98x0.95mm_HandSolder","~"
"","","R706","10R","Device:R","Resistor_SMD:R_0603_1608Metric_Pad0.98x0.95mm_HandSolder","~"
"","","R707","470R","Device:R","Resistor_SMD:R_0603_1608Metric_Pad0.98x0.95mm_HandSolder","~"
"","","SW301","EVQ-PUL02K","Switch:SW_Push","Button_Switch_SMD:Panasonic_EVQPUL_EVQPUC","~"
"","","U201","W65C{02|816}S6TQG-14","W65:W65C{02|816}S6TQG-14","Package_QFP:MQFP-44_10x10mm_P0.8mm","https://www.westerndesigncenter.com/wdc/w65c816s-chip.php"
"","","U202","IS61WV20488FBLL-10TLI","SRAM:IS61WV20488FBLL-10TLI","Package_SO:TSOP-II-44_10.16x18.41mm_P0.8mm",""
"","","U301","ICE40HX4K-TQ144","FPGA_Lattice:ICE40HX4K-TQ144","Package_QFP:TQFP-144_20x20mm_P0.5mm","http://www.latticesemi.com/Products/FPGAandCPLD/iCE40"
"","","U302","W25Q128JVS","Memory_Flash:W25Q128JVS","Package_SO:SOIC-8_5.23x5.23mm_P1.27mm","http://www.winbond.com/resource-files/w25q128jv_dtr%20revc%2003272018%20plus.pdf"
"","","U401","W65C22S6TQG-14","W65:W65C22S6TQG-14","Package_QFP:MQFP-44_10x10mm_P0.8mm",""
"","","U402","MCP7940N-xSN","Timer_RTC:MCP7940N-xSN","Package_SO:SO-8_3.9x4.9mm_P1.27mm","http://ww1.microchip.com/downloads/en/DeviceDoc/20005010F.pdf"
"","","U403","74LVC2G04DBVR","explicit_74lvc2g04:74LVC2G04","Package_TO_SOT_SMD:SOT-23-6_Handsoldering","http://www.ti.com/lit/sg/scyt129e/scyt129e.pdf"
"","","U404","74LVC2G17DBVR","74xGxx:74LVC2G17","Package_TO_SOT_SMD:SOT-23-6_Handsoldering","http://www.ti.com/lit/sg/scyt129e/scyt129e.pdf"
"","","U502","93LC56BT-I/SN","Memory_EEPROM:93LCxxB","Package_SO:SOIC-8_3.9x4.9mm_P1.27mm","http://ww1.microchip.com/downloads/en/DeviceDoc/20001749K.pdf"
"","","U503","74CBTLV3126PW,118","vera-module:74CBTLV3126PW,118","Package_SO:TSSOP-14_4.4x5mm_P0.65mm",""
"","","U504","FT2232HL","Interface_USB:FT2232HL","Package_QFP:LQFP-64_10x10mm_P0.5mm","https://www.ftdichip.com/Support/Documents/DataSheets/ICs/DS_FT2232H.pdf"
"","","U601","74LVC2G17DBVR","74xGxx:74LVC2G17","Package_TO_SOT_SMD:SOT-23-6_Handsoldering","http://www.ti.com/lit/sg/scyt129e/scyt129e.pdf"
"","","U602","74LVC2G17DBVR","74xGxx:74LVC2G17","Package_TO_SOT_SMD:SOT-23-6_Handsoldering","http://www.ti.com/lit/sg/scyt129e/scyt129e.pdf"
"","","U701","MP2149GJ","MPS:MP2149GJ","Package_TO_SOT_SMD:TSOT-23-8_HandSoldering",""
"","","X301","SG5032CAN 12.000000M-TJGA0","Oscillator:SG-5032CAN","Oscillator:Oscillator_SMD_SeikoEpson_SG8002LB-4Pin_5.0x3.2mm_HandSoldering","https://support.epson.biz/td/api/doc_check.php?dl=brief_SG5032CAN&lang=en"
"","","Y402","CM8V-T1A-32.768kHz-12.5pF-20PPM-TA-QC","Device:Crystal","Crystal:Crystal_SMD_MicroCrystal_CC8V-T1A-2Pin_2.0x1.2mm_HandSoldering","~"



"Collated Components:"

"Item","Qty","Reference(s)","Value","LibPart","Footprint","Datasheet"
"1","1","BT401","BAT-HLD-012-SMT","Device:Battery_Cell","Battery:BatteryHolder_LINX_BAT-HLD-012-SMT","~"
"2","29","C201, C202, C203, C204, C301, C302, C303, C304, C305, C306, C307, C308, C309, C310, C311, C312, C314, C315, C316, C401, C404, C405, C406, C507, C508, C509, C510, C601, C602","1u","Device:C","Capacitor_SMD:C_0603_1608Metric_Pad1.08x0.95mm_HandSolder","~"
"3","2","C317, C501","100n","Device:C","Capacitor_SMD:C_0603_1608Metric_Pad1.08x0.95mm_HandSolder","~"
"4","2","C402, C403","6p","Device:C","Capacitor_SMD:C_0603_1608Metric_Pad1.08x0.95mm_HandSolder","~"
"5","3","C502, C503, C504","3u3","Device:C","Capacitor_SMD:C_0603_1608Metric_Pad1.08x0.95mm_HandSolder","~"
"6","3","C701, C702, C703","22u/16V","Device:C","Capacitor_SMD:C_0805_2012Metric_Pad1.18x1.45mm_HandSolder","~"
"7","3","D301, D401, D501","CUS10S30,H3F","Device:D_Schottky","Diode_SMD:D_SOD-323_HandSoldering","~"
"8","4","D302, D402, D502, D701","LTST-S270GKT","Device:LED","LED_SMD:LED_0603_1608Metric_Pad1.05x0.95mm_HandSolder","~"
"9","6","D303, D404, D405, D504, D601, D602","SP0503BAHT","Power_Protection:SP0503BAHT","Package_TO_SOT_SMD:SOT-143","http://www.littelfuse.com/~/media/files/littelfuse/technical%20resources/documents/data%20sheets/sp05xxba.pdf"
"10","1","D403","LTST-S270EKT","Device:LED","LED_SMD:LED_0603_1608Metric_Pad1.05x0.95mm_HandSolder","~"
"11","3","F401, F501, F601","SMD1206B050TF/15","Device:Polyfuse","Fuse:Fuse_1206_3216Metric_Pad1.42x1.75mm_HandSolder","~"
"12","4","FB301, FB302, FB501, FB502","GBK160808T-221Y-N","Device:FerriteBead_Small","Resistor_SMD:R_0603_1608Metric_Pad0.98x0.95mm_HandSolder","~"
"13","1","J403","SNES_Controller_Conn",":SNES_Controller_Conn_1","snes:SNES_Controller_Conn_7p_90deg_P1Left",""
"14","1","J404","SNES_Controller_Conn","libsnes:SNES_Controller_Conn","snes:SNES_Controller_Conn_7p_90deg_P1Left",""
"15","1","J501","USB4085-GF-A","Connector:USB_C_Receptacle_USB2.0","Connector_USB:USB_C_Receptacle_GCT_USB4085","https://www.usb.org/sites/default/files/documents/usb_type-c.zip"
"16","2","J601, J602","PINS 2x10p 2,54mm","Connector_Generic:Conn_02x10_Odd_Even","Connector_PinHeader_2.54mm:PinHeader_2x10_P2.54mm_Vertical","~"
"17","1","J603","Conn_01x14","Connector_Generic:Conn_01x14","Connector_PinSocket_2.54mm:PinSocket_1x14_P2.54mm_Vertical","~"
"18","1","J604","Conn_01x04","Connector_Generic:Conn_01x04","Connector_PinSocket_2.54mm:PinSocket_1x04_P2.54mm_Vertical_SMD_Pin1Left","~"
"19","2","J605, J606","TE 5749180-1","Connector:Mini-DIN-6","mini-DIN:TE_5749180-1","http://service.powerdynamics.com/ec/Catalog17/Section%2011.pdf"
"20","2","J702, J703","Conn_01x01","Connector_Generic:Conn_01x01","Connector_PinHeader_2.54mm:PinHeader_1x01_P2.54mm_Vertical","~"
"21","1","L701","DFE252010P-2R2M=P2","Device:L","Inductor_SMD:L_1008_2520Metric_Pad1.43x2.20mm_HandSolder","~"
"22","1","L702","DFE252010P-1R0M=P2","Device:L","Inductor_SMD:L_1008_2520Metric_Pad1.43x2.20mm_HandSolder","~"
"23","7","Q301, Q401, Q402, Q601, Q602, Q603, Q604","BSS123","Transistor_FET:BSS123","Package_TO_SOT_SMD:SOT-23","http://www.diodes.com/assets/Datasheets/ds30366.pdf"
"24","30","R201, R202, R203, R204, R205, R206, R207, R214, R215, R301, R302, R303, R304, R305, R306, R310, R403, R404, R411, R412, R413, R414, R506, R508, R509, R517, R605, R606, R607, R608","10k","Device:R","Resistor_SMD:R_0603_1608Metric_Pad0.98x0.95mm_HandSolder","~"
"25","3","R209, R211, R212","50R","Device:R","Resistor_SMD:R_0603_1608Metric_Pad0.98x0.95mm_HandSolder","~"
"26","5","R307, R415, R416, R520, R707","470R","Device:R","Resistor_SMD:R_0603_1608Metric_Pad0.98x0.95mm_HandSolder","~"
"27","13","R308, R309, R401, R402, R510, R511, R512, R513, R514, R515, R516, R518, R519","0R","Device:R","Resistor_SMD:R_0603_1608Metric_Pad0.98x0.95mm_HandSolder","~"
"28","2","R311, R507","2k2","Device:R","Resistor_SMD:R_0603_1608Metric_Pad0.98x0.95mm_HandSolder","~"
"29","10","R405, R406, R407, R408, R409, R410, R601, R602, R603, R604","100R","Device:R","Resistor_SMD:R_0603_1608Metric_Pad0.98x0.95mm_HandSolder","~"
"30","2","R501, R502","5k1","Device:R","Resistor_SMD:R_0603_1608Metric_Pad0.98x0.95mm_HandSolder","~"
"31","3","R503, R701, R704","806k","Device:R","Resistor_SMD:R_0603_1608Metric_Pad0.98x0.95mm_HandSolder","~"
"32","1","R504","12k","Device:R","Resistor_SMD:R_0603_1608Metric_Pad0.98x0.95mm_HandSolder","~"
"33","2","R505, R521","1k","Device:R","Resistor_SMD:R_0603_1608Metric_Pad0.98x0.95mm_HandSolder","~"
"34","1","R702","182k","Device:R","Resistor_SMD:R_0603_1608Metric_Pad0.98x0.95mm_HandSolder","~"
"35","2","R703, R706","10R","Device:R","Resistor_SMD:R_0603_1608Metric_Pad0.98x0.95mm_HandSolder","~"
"36","1","R705","825k","Device:R","Resistor_SMD:R_0603_1608Metric_Pad0.98x0.95mm_HandSolder","~"
"37","1","SW301","EVQ-PUL02K","Switch:SW_Push","Button_Switch_SMD:Panasonic_EVQPUL_EVQPUC","~"
"38","1","U201","W65C{02|816}S6TQG-14","W65:W65C{02|816}S6TQG-14","Package_QFP:MQFP-44_10x10mm_P0.8mm","https://www.westerndesigncenter.com/wdc/w65c816s-chip.php"
"39","1","U202","IS61WV20488FBLL-10TLI","SRAM:IS61WV20488FBLL-10TLI","Package_SO:TSOP-II-44_10.16x18.41mm_P0.8mm",""
"40","1","U301","ICE40HX4K-TQ144","FPGA_Lattice:ICE40HX4K-TQ144","Package_QFP:TQFP-144_20x20mm_P0.5mm","http://www.latticesemi.com/Products/FPGAandCPLD/iCE40"
"41","1","U302","W25Q128JVS","Memory_Flash:W25Q128JVS","Package_SO:SOIC-8_5.23x5.23mm_P1.27mm","http://www.winbond.com/resource-files/w25q128jv_dtr%20revc%2003272018%20plus.pdf"
"42","1","U401","W65C22S6TQG-14","W65:W65C22S6TQG-14","Package_QFP:MQFP-44_10x10mm_P0.8mm",""
"43","1","U402","MCP7940N-xSN","Timer_RTC:MCP7940N-xSN","Package_SO:SO-8_3.9x4.9mm_P1.27mm","http://ww1.microchip.com/downloads/en/DeviceDoc/20005010F.pdf"
"44","1","U403","74LVC2G04DBVR","explicit_74lvc2g04:74LVC2G04","Package_TO_SOT_SMD:SOT-23-6_Handsoldering","http://www.ti.com/lit/sg/scyt129e/scyt129e.pdf"
"45","3","U404, U601, U602","74LVC2G17DBVR","74xGxx:74LVC2G17","Package_TO_SOT_SMD:SOT-23-6_Handsoldering","http://www.ti.com/lit/sg/scyt129e/scyt129e.pdf"
"46","1","U502","93LC56BT-I/SN","Memory_EEPROM:93LCxxB","Package_SO:SOIC-8_3.9x4.9mm_P1.27mm","http://ww1.microchip.com/downloads/en/DeviceDoc/20001749K.pdf"
"47","1","U503","74CBTLV3126PW,118","vera-module:74CBTLV3126PW,118","Package_SO:TSSOP-14_4.4x5mm_P0.65mm",""
"48","1","U504","FT2232HL","Interface_USB:FT2232HL","Package_QFP:LQFP-64_10x10mm_P0.5mm","https://www.ftdichip.com/Support/Documents/DataSheets/ICs/DS_FT2232H.pdf"
"49","1","U701","MP2149GJ","MPS:MP2149GJ","Package_TO_SOT_SMD:TSOT-23-8_HandSoldering",""
"50","1","X301","SG5032CAN 12.000000M-TJGA0","Oscillator:SG-5032CAN","Oscillator:Oscillator_SMD_SeikoEpson_SG8002LB-4Pin_5.0x3.2mm_HandSoldering","https://support.epson.biz/td/api/doc_check.php?dl=brief_SG5032CAN&lang=en"
"51","1","Y402","CM8V-T1A-32.768kHz-12.5pF-20PPM-TA-QC","Device:Crystal","Crystal:Crystal_SMD_MicroCrystal_CC8V-T1A-2Pin_2.0x1.2mm_HandSoldering","~"
